case,max_abs_M_diff,max_abs_N_diff,norm_h_python_minus_h_sdk,norm_tau_diff,max_abs_dM_diff
Case 1: default mixed pose,0.000303077573925,0.0104184220269,0.00104423770075,0.0143673177421,0.00727235733244
Case 2: J2/J3 90 deg pose,0.0011669255576,0.00760993778986,6.91063561641e-05,0.0117693468514,0.00800130419471
Case 3: forward 100pct pose,0.00340828517989,0.00785998368698,5.34442321926e-05,0.0110751801663,0.00404497603082
